name,party,location,cabinet,party_group
Nigel Adams,Conservative,Selby and Ainsty,Minister of State (Cabinet Office) (Minister without Portfolio),Conservative
Bim Afolami,Conservative,Hitchin and Harpenden,,Conservative
Adam Afriyie,Conservative,Windsor,,Conservative
Nickie Aiken,Conservative,Cities of London and Westminster,,Conservative
Peter Aldous,Conservative,Waveney,,Conservative
Lucy Allan,Conservative,Telford,,Conservative
Lee Anderson,Conservative,Ashfield,,Conservative
Stuart Anderson,Conservative,Wolverhampton South West,,Conservative
Stuart Andrew,Conservative,Pudsey,"Treasurer of HM Household (Deputy Chief Whip, House of Commons)",Conservative
Caroline Ansell,Conservative,Eastbourne,,Conservative
Edward Argar,Conservative,Charnwood,Minister of State (Department of Health and Social Care),Conservative
Sarah Atherton,Conservative,Wrexham,,Conservative
Victoria Atkins,Conservative,Louth and Horncastle,Minister of State (Ministry of Justice),Conservative
Gareth Bacon,Conservative,Orpington,,Conservative
Richard Bacon,Conservative,South Norfolk,,Conservative
Kemi Badenoch,Conservative,Saffron Walden,Minister for Equalities,Conservative
Shaun Bailey,Conservative,West Bromwich West,,Conservative
Siobhan Baillie,Conservative,Stroud,,Conservative
Duncan Baker,Conservative,North Norfolk,,Conservative
Steve Baker,Conservative,Wycombe,,Conservative
Harriett Baldwin,Conservative,West Worcestershire,,Conservative
Steve Barclay,Conservative,North East Cambridgeshire,Minister for the Cabinet Office and Chancellor of the Duchy of Lancaster,Conservative
John Baron,Conservative,Basildon and Billericay,,Conservative
Simon Baynes,Conservative,Clwyd South,,Conservative
Aaron Bell,Conservative,"Newcastle, under, Lyme",,Conservative
Scott Benton,Conservative,Blackpool South,,Conservative
Paul Beresford,Conservative,Mole Valley,,Conservative
Jake Berry,Conservative,Rossendale and Darwen,,Conservative
Saqib Bhatti,Conservative,Meriden,,Conservative
Bob Blackman,Conservative,Harrow East,,Conservative
Crispin Blunt,Conservative,Reigate,,Conservative
Peter Bone,Conservative,Wellingborough,,Conservative
Peter Bottomley,Conservative,Worthing West,,Conservative
Andrew Bowie,Conservative,West Aberdeenshire and Kincardine,,Conservative
Ben Bradley,Conservative,Mansfield,,Conservative
Karen Bradley,Conservative,Staffordshire Moorlands,,Conservative
Graham Brady,Conservative,Altrincham and Sale West,,Conservative
Suella Braverman,Conservative,Fareham,Attorney General,Conservative
Jack Brereton,Conservative,"Stoke, on, Trent South",,Conservative
Andrew Bridgen,Conservative,North West Leicestershire,,Conservative
Steve Brine,Conservative,Winchester,,Conservative
Paul Bristow,Conservative,Peterborough,,Conservative
Sara Britcliffe,Conservative,Hyndburn,,Conservative
Anthony Browne,Conservative,South Cambridgeshire,,Conservative
Fiona Bruce,Conservative,Congleton,,Conservative
Felicity Buchan,Conservative,Kensington,,Conservative
Robert Buckland,Conservative,South Swindon,,Conservative
Alex Burghart,Conservative,Brentwood and Ongar,Parliamentary Under-Secretary (Department for Education),Conservative
Conor Burns,Conservative,Bournemouth West,Minister of State (Northern Ireland Office),Conservative
Rob Butler,Conservative,Aylesbury,,Conservative
Alun Cairns,Conservative,Vale of Glamorgan,,Conservative
Andy Carter,Conservative,Warrington South,,Conservative
James Cartlidge,Conservative,South Suffolk,Parliamentary Under Secretary of State (Ministry of Justice) (and Assistant Government Whip),Conservative
William Cash,Conservative,Stone,,Conservative
Miriam Cates,Conservative,Penistone and Stocksbridge,,Conservative
Maria Caulfield,Conservative,Lewes,Parliamentary Under-Secretary (Department of Health and Social Care),Conservative
Alex Chalk,Conservative,Cheltenham,Solicitor General (Attorney General's Office),Conservative
Rehman Chishti,Conservative,Gillingham and Rainham,,Conservative
Christopher Chope,Conservative,Christchurch,,Conservative
Jo Churchill,Conservative,Bury St Edmunds,"Parliamentary Under-Secretary (Department for Environment, Food and Rural Affairs)",Conservative
Greg Clark,Conservative,Tunbridge Wells,,Conservative
Simon Clarke,Conservative,Middlesbrough South and East Cleveland,Chief Secretary to the Treasury,Conservative
Theo Clarke,Conservative,Stafford,,Conservative
Brendan Clarke-Smith,Conservative,Bassetlaw,,Conservative
Chris Clarkson,Conservative,Heywood and Middleton,,Conservative
James Cleverly,Conservative,Braintree,"Minister of State (Foreign, Commonwealth and Development Office)",Conservative
Geoffrey Clifton-Brown,Conservative,The Cotswolds,,Conservative
Thérèse Coffey,Conservative,Suffolk Coastal,Secretary of State for Work and Pensions,Conservative
Elliot Colburn,Conservative,Carshalton and Wallington,,Conservative
Damian Collins,Conservative,Folkestone and Hythe,,Conservative
Alberto Costa,Conservative,South Leicestershire,,Conservative
Robert Courts,Conservative,Witney,Parliamentary Under-Secretary (Department for Transport),Conservative
Claire Coutinho,Conservative,East Surrey,,Conservative
Geoffrey Cox,Conservative,Torridge and West Devon,,Conservative
Stephen Crabb,Conservative,Preseli Pembrokeshire,,Conservative
Virginia Crosbie,Conservative,Ynys Môn,,Conservative
Tracey Crouch,Conservative,Chatham and Aylesford,,Conservative
James Daly,Conservative,Bury North,,Conservative
David T C Davies,Conservative,Monmouth,Parliamentary Under-Secretary (Wales Office),Conservative
Gareth Davies,Conservative,Grantham and Stamford,,Conservative
James Davies,Conservative,Vale of Clwyd,,Conservative
Mims Davies,Conservative,Mid Sussex,Parliamentary Under-Secretary (Department for Work and Pensions),Conservative
Philip Davies,Conservative,Shipley,,Conservative
David Davis,Conservative,Haltemprice and Howden,,Conservative
Dehenna Davison,Conservative,Bishop Auckland,,Conservative
Caroline Dinenage,Conservative,Gosport,,Conservative
Sarah Dines,Conservative,Derbyshire Dales,,Conservative
Jonathan Djanogly,Conservative,Huntingdon,,Conservative
Leo Docherty,Conservative,Aldershot,Parliamentary Under-Secretary of State (jointly with the Ministry of Defence),Conservative
Michelle Donelan,Conservative,Chippenham,Minister of State (Department for Education) (Higher and Further Education),Conservative
Nadine Dorries,Conservative,Mid Bedfordshire,"Secretary of State for Digital, Culture, Media and Sport",Conservative
Steve Double,Conservative,St Austell and Newquay,Assistant Whip,Conservative
Oliver Dowden,Conservative,Hertsmere,Minister without Portfolio (Cabinet Office),Conservative
Jackie Doyle-Price,Conservative,Thurrock,,Conservative
Richard Drax,Conservative,South Dorset,,Conservative
Flick Drummond,Conservative,Meon Valley,,Conservative
James Duddridge,Conservative,Rochford and Southend East,,Conservative
David Duguid,Conservative,Banff and Buchan,,Conservative
Philip Dunne,Conservative,Ludlow,,Conservative
Mark Eastwood,Conservative,Dewsbury,,Conservative
Ruth Edwards,Conservative,Rushcliffe,,Conservative
Michael Ellis,Conservative,Northampton North,Paymaster General,Conservative
Tobias Ellwood,Conservative,Bournemouth East,,Conservative
Natalie Elphicke,Conservative,Dover,,Conservative
George Eustice,Conservative,Camborne and Redruth,"Secretary of State for Environment, Food and Rural Affairs",Conservative
Luke Evans,Conservative,Bosworth,,Conservative
Nigel Evans,Conservative,Ribble Valley,,Conservative
David Evennett,Conservative,Bexleyheath and Crayford,,Conservative
Ben Everitt,Conservative,Milton Keynes North,,Conservative
Michael Fabricant,Conservative,Lichfield,,Conservative
Laura Farris,Conservative,Newbury,,Conservative
Simon Fell,Conservative,Barrow and Furness,,Conservative
Katherine Fletcher,Conservative,South Ribble,,Conservative
Mark Fletcher,Conservative,Bolsover,,Conservative
Nick Fletcher,Conservative,Don Valley,,Conservative
Vicky Ford,Conservative,Chelmsford,"Parliamentary Under-Secretary (Foreign, Commonwealth and Development Office)",Conservative
Kevin Foster,Conservative,Torbay,Parliamentary Under-Secretary (Home Office),Conservative
Liam Fox,Conservative,North Somerset,,Conservative
Mark Francois,Conservative,Rayleigh and Wickford,,Conservative
Lucy Frazer,Conservative,South East Cambridgeshire,Financial Secretary (HM Treasury),Conservative
George Freeman,Conservative,Mid Norfolk,"Parliamentary Under-Secretary (Department for Business, Energy and Industrial Strategy)",Conservative
Mike Freer,Conservative,Finchley and Golders Green,Parliamentary Under-Secretary (Department for International Trade),Conservative
Richard Fuller,Conservative,North East Bedfordshire,,Conservative
Marcus Fysh,Conservative,Yeovil,,Conservative
Roger Gale,Conservative,North Thanet,,Conservative
Mark Garnier,Conservative,Wyre Forest,,Conservative
Nusrat Ghani,Conservative,Wealden,,Conservative
Nick Gibb,Conservative,Bognor Regis and Littlehampton,,Conservative
Peter Gibson,Conservative,Darlington,,Conservative
Jo Gideon,Conservative,"Stoke, on, Trent Central",,Conservative
John Glen,Conservative,Salisbury,Economic Secretary (HM Treasury),Conservative
Robert Goodwill,Conservative,Scarborough and Whitby,,Conservative
Michael Gove,Conservative,Surrey Heath,"Secretary of State for Levelling Up, Housing and Communities",Conservative
Richard Graham,Conservative,Gloucester,,Conservative
Helen Grant,Conservative,Maidstone and The Weald,,Conservative
James Gray,Conservative,North Wiltshire,,Conservative
Chris Grayling,Conservative,Epsom and Ewell,,Conservative
Chris Green,Conservative,Bolton West,,Conservative
Damian Green,Conservative,Ashford,,Conservative
Andrew Griffith,Conservative,Arundel and South Downs,,Conservative
Kate Griffiths,Conservative,Burton,,Conservative
James Grundy,Conservative,Leigh,,Conservative
Jonathan Gullis,Conservative,"Stoke, on, Trent North",,Conservative
Robert Halfon,Conservative,Harlow,,Conservative
Luke Hall,Conservative,Thornbury and Yate,,Conservative
Stephen Hammond,Conservative,Wimbledon,,Conservative
Matt Hancock,Conservative,West Suffolk,,Conservative
Greg Hands,Conservative,Chelsea and Fulham,"Minister of State (Department for Business, Energy and Industrial Strategy)",Conservative
Mark Harper,Conservative,Forest of Dean,,Conservative
Rebecca Harris,Conservative,Castle Point,Lord Commissioner (HM Treasury) (Whip),Conservative
Trudy Harrison,Conservative,Copeland,Parliamentary Under-Secretary (Department for Transport),Conservative
Sally-Ann Hart,Conservative,Hastings and Rye,,Conservative
Simon Hart,Conservative,Carmarthen West and South Pembrokeshire,Secretary of State for Wales,Conservative
John Hayes,Conservative,South Holland and The Deepings,,Conservative
Oliver Heald,Conservative,North East Hertfordshire,,Conservative
James Heappey,Conservative,Wells,Parliamentary Under-Secretary (Ministry of Defence),Conservative
Chris Heaton-Harris,Conservative,Daventry,Minister of State (Department for Transport),Conservative
Gordon Henderson,Conservative,Sittingbourne and Sheppey,,Conservative
Darren Henry,Conservative,Broxtowe,,Conservative
Antony Higginbotham,Conservative,Burnley,,Conservative
Damian Hinds,Conservative,East Hampshire,Minister of State (Home Office) (Security),Conservative
Simon Hoare,Conservative,North Dorset,,Conservative
Richard Holden,Conservative,North West Durham,,Conservative
Kevin Hollinrake,Conservative,Thirsk and Malton,,Conservative
Philip Hollobone,Conservative,Kettering,,Conservative
Adam Holloway,Conservative,Gravesham,,Conservative
Paul Holmes,Conservative,Eastleigh,,Conservative
John Howell,Conservative,Henley,,Conservative
Paul Howell,Conservative,Sedgefield,,Conservative
Nigel Huddleston,Conservative,Mid Worcestershire,"Parliamentary Under-Secretary (Department for Digital, Culture, Media and Sport)",Conservative
Neil Hudson,Conservative,Penrith and The Border,,Conservative
Eddie Hughes,Conservative,Walsall North,"Parliamentary Under Secretary of State (Department for Levelling Up, Housing and Communities)",Conservative
Jane Hunt,Conservative,Loughborough,,Conservative
Jeremy Hunt,Conservative,South West Surrey,,Conservative
Tom Hunt,Conservative,Ipswich,,Conservative
Alister Jack,Conservative,Dumfries and Galloway,Secretary of State for Scotland,Conservative
Sajid Javid,Conservative,Bromsgrove,Secretary of State for Health and Social Care,Conservative
Ranil Jayawardena,Conservative,North East Hampshire,Parliamentary Under-Secretary (Department for International Trade),Conservative
Bernard Jenkin,Conservative,Harwich and North Essex,,Conservative
Mark Jenkinson,Conservative,Workington,,Conservative
Andrea Jenkyns,Conservative,Morley and Outwood,Assistant Whip,Conservative
Robert Jenrick,Conservative,Newark,,Conservative
Boris Johnson,Conservative,Uxbridge and South Ruislip,"Prime Minister, First Lord of the Treasury, Minister for the Civil Service, and Minister for the Union",Conservative
Caroline Johnson,Conservative,Sleaford and North Hykeham,,Conservative
Gareth Johnson,Conservative,Dartford,,Conservative
David Johnston,Conservative,Wantage,,Conservative
Andrew Jones,Conservative,Harrogate and Knaresborough,,Conservative
David Jones,Conservative,Clwyd West,,Conservative
Fay Jones,Conservative,Brecon and Radnorshire,,Conservative
Marcus Jones,Conservative,Nuneaton,"Comptroller (HM Household) (Whip, House of Commons)",Conservative
Simon Jupp,Conservative,East Devon,,Conservative
Daniel Kawczynski,Conservative,Shrewsbury and Atcham,,Conservative
Alicia Kearns,Conservative,Rutland and Melton,,Conservative
Gillian Keegan,Conservative,Chichester,Minister of State (Department of Health and Social Care),Conservative
Greg Knight,Conservative,East Yorkshire,,Conservative
Julian Knight,Conservative,Solihull,,Conservative
Danny Kruger,Conservative,Devizes,,Conservative
Kwasi Kwarteng,Conservative,Spelthorne,"Secretary of State for Business, Energy and Industrial Strategy",Conservative
Eleanor Laing,Conservative,Epping Forest,,Conservative
John Lamont,Conservative,"Berwickshire, Roxburgh and Selkirk",,Conservative
Robert Largan,Conservative,High Peak,,Conservative
Pauline Latham,Conservative,Mid Derbyshire,,Conservative
Andrea Leadsom,Conservative,South Northamptonshire,,Conservative
Edward Leigh,Conservative,Gainsborough,,Conservative
Ian Levy,Conservative,Blyth Valley,,Conservative
Andrew Lewer,Conservative,Northampton South,,Conservative
Brandon Lewis,Conservative,Great Yarmouth,Secretary of State for Northern Ireland,Conservative
Julian Lewis,Conservative,New Forest East,,Conservative
Ian Liddell-Grainger,Conservative,Bridgwater and West Somerset,,Conservative
Chris Loder,Conservative,West Dorset,,Conservative
Mark Logan,Conservative,Bolton North East,,Conservative
Marco Longhi,Conservative,Dudley North,,Conservative
Julia Lopez,Conservative,Hornchurch and Upminster,"Minister of State (Department for Digital, Culture, Media and Sport)",Conservative
Jack Lopresti,Conservative,Filton and Bradley Stoke,,Conservative
Jonathan Lord,Conservative,Woking,,Conservative
Tim Loughton,Conservative,East Worthing and Shoreham,,Conservative
Craig Mackinlay,Conservative,South Thanet,,Conservative
Cherilyn Mackrory,Conservative,Truro and Falmouth,,Conservative
Rachel Maclean,Conservative,Redditch,Parliamentary Under-Secretary (Home Office),Conservative
Alan Mak,Conservative,Havant,"Government Whip, Lord Commissioner of HM Treasury",Conservative
Kit Malthouse,Conservative,North West Hampshire,Minister of State (Ministry of Justice) (jointly with Home Office),Conservative
Anthony Mangnall,Conservative,Totnes,,Conservative
Scott Mann,Conservative,North Cornwall,Assistant Whip,Conservative
Julie Marson,Conservative,Hertford and Stortford,,Conservative
Theresa May,Conservative,Maidenhead,,Conservative
Jerome Mayhew,Conservative,Broadland,,Conservative
Paul Maynard,Conservative,Blackpool North and Cleveleys,,Conservative
Jason McCartney,Conservative,Colne Valley,,Conservative
Karl McCartney,Conservative,Lincoln,,Conservative
Stephen McPartland,Conservative,Stevenage,,Conservative
Esther McVey,Conservative,Tatton,,Conservative
Mark Menzies,Conservative,Fylde,,Conservative
Johnny Mercer,Conservative,"Plymouth, Moor View",,Conservative
Huw Merriman,Conservative,Bexhill and Battle,,Conservative
Stephen Metcalfe,Conservative,South Basildon and East Thurrock,,Conservative
Robin Millar,Conservative,Aberconwy,,Conservative
Maria Miller,Conservative,Basingstoke,,Conservative
Amanda Milling,Conservative,Cannock Chase,"Minister of State (Foreign, Commonwealth and Development Office)",Conservative
Nigel Mills,Conservative,Amber Valley,,Conservative
Andrew Mitchell,Conservative,Sutton Coldfield,,Conservative
Gagan Mohindra,Conservative,South West Hertfordshire,,Conservative
Damien Moore,Conservative,Southport,,Conservative
Robbie Moore,Conservative,Keighley,,Conservative
Penny Mordaunt,Conservative,Portsmouth North,Minister of State (Department for International Trade),Conservative
Anne Marie Morris,Conservative,Newton Abbot,,Conservative
David Morris,Conservative,Morecambe and Lunesdale,,Conservative
James Morris,Conservative,Halesowen and Rowley Regis,"Vice Chamberlain (HM Household) (Whip, House of Commons)",Conservative
Joy Morrissey,Conservative,Beaconsfield,,Conservative
Jill Mortimer,Conservative,Hartlepool,,Conservative
Wendy Morton,Conservative,"Aldridge, Brownhills","Parliamentary Under-Secretary (Foreign, Commonwealth and Development Office)",Conservative
Kieran Mullan,Conservative,Crewe and Nantwich,,Conservative
Holly Mumby-Croft,Conservative,Scunthorpe,,Conservative
David Mundell,Conservative,"Dumfriesshire, Clydesdale and Tweeddale",,Conservative
Sheryll Murray,Conservative,South East Cornwall,,Conservative
Andrew Murrison,Conservative,South West Wiltshire,,Conservative
Robert Neill,Conservative,Bromley and Chislehurst,,Conservative
Lia Nici,Conservative,Great Grimsby,,Conservative
Caroline Nokes,Conservative,Romsey and Southampton North,,Conservative
Jesse Norman,Conservative,Hereford and South Herefordshire,,Conservative
Neil O'Brien,Conservative,Harborough,"Parliamentary Under Secretary of State (Department for Levelling Up, Housing and Communities)",Conservative
Matthew Offord,Conservative,Hendon,,Conservative
Guy Opperman,Conservative,Hexham,Parliamentary Under-Secretary (Department for Work and Pensions),Conservative
Neil Parish,Conservative,Tiverton and Honiton,,Conservative
Priti Patel,Conservative,Witham,Home Secretary,Conservative
Owen Paterson,Conservative,North Shropshire,,Conservative
Mark Pawsey,Conservative,Rugby,,Conservative
Mike Penning,Conservative,Hemel Hempstead,,Conservative
John Penrose,Conservative,"Weston, super, Mare",,Conservative
Andrew Percy,Conservative,Brigg and Goole,,Conservative
Chris Philp,Conservative,Croydon South,"Parliamentary Under-Secretary (Department for Digital, Culture, Media and Sport)",Conservative
Christopher Pincher,Conservative,Tamworth,"Minister of State (Department for Levelling Up, Housing and Communities)",Conservative
Dan Poulter,Conservative,Central Suffolk and North Ipswich,,Conservative
Rebecca Pow,Conservative,Taunton Deane,"Parliamentary Under-Secretary (Department for Environment, Food and Rural Affairs)",Conservative
Victoria Prentis,Conservative,Banbury,"Minister of State (Department for Environment, Food and Rural Affairs)",Conservative
Mark Pritchard,Conservative,The Wrekin,,Conservative
Tom Pursglove,Conservative,Corby,Parliamentary Under Secretary of State (Ministry of Justice) (jointly with Home Office),Conservative
Jeremy Quin,Conservative,Horsham,Minister of State (Ministry of Defence),Conservative
Will Quince,Conservative,Colchester,Parliamentary Under-Secretary (Department for Education),Conservative
Dominic Raab,Conservative,Esher and Walton,Lord Chancellor and Secretary of State for Justice,Conservative
Tom Randall,Conservative,Gedling,,Conservative
John Redwood,Conservative,Wokingham,,Conservative
Jacob Rees-Mogg,Conservative,North East Somerset,Lord President of the Council and Leader of the House of Commons,Conservative
Nicola Richards,Conservative,West Bromwich East,,Conservative
Angela Richardson,Conservative,Guildford,,Conservative
Laurence Robertson,Conservative,Tewkesbury,,Conservative
Mary Robinson,Conservative,Cheadle,,Conservative
Andrew Rosindell,Conservative,Romford,,Conservative
Douglas Ross,Conservative,Moray,,Conservative
Lee Rowley,Conservative,North East Derbyshire,"Government Whip, Lord Commissioner of HM Treasury",Conservative
Dean Russell,Conservative,Watford,,Conservative
David Rutley,Conservative,Macclesfield,Parliamentary Under-Secretary (Department for Work and Pensions),Conservative
Gary Sambrook,Conservative,"Birmingham, Northfield",,Conservative
Selaine Saxby,Conservative,North Devon,,Conservative
Paul Scully,Conservative,Sutton and Cheam,"Parliamentary Under-Secretary (Department for Business, Energy and Industrial Strategy)",Conservative
Bob Seely,Conservative,Isle of Wight,,Conservative
Andrew Selous,Conservative,South West Bedfordshire,Second Church Estates Commissioner,Conservative
Grant Shapps,Conservative,Welwyn Hatfield,Secretary of State for Transport,Conservative
Alok Sharma,Conservative,Reading West,COP26 President (Cabinet Office),Conservative
Alec Shelbrooke,Conservative,Elmet and Rothwell,,Conservative
David Simmonds,Conservative,"Ruislip, Northwood and Pinner",,Conservative
Chris Skidmore,Conservative,Kingswood,,Conservative
Chloe Smith,Conservative,Norwich North,Minister of State (Department for Work and Pensions),Conservative
Greg Smith,Conservative,Buckingham,,Conservative
Henry Smith,Conservative,Crawley,,Conservative
Iain Duncan Smith,Conservative,Chingford and Woodford Green,,Conservative
Julian Smith,Conservative,Skipton and Ripon,,Conservative
Royston Smith,Conservative,"Southampton, Itchen",,Conservative
Amanda Solloway,Conservative,Derby North,"Government Whip, Lord Commissioner of HM Treasury",Conservative
Ben Spencer,Conservative,Runnymede and Weybridge,,Conservative
Mark Spencer,Conservative,Sherwood,Parliamentary Secretary to the Treasury and Chief Whip,Conservative
Alexander Stafford,Conservative,Rother Valley,,Conservative
Andrew Stephenson,Conservative,Pendle,Minister of State (Department for Transport),Conservative
Jane Stevenson,Conservative,Wolverhampton North East,,Conservative
John Stevenson,Conservative,Carlisle,,Conservative
Bob Stewart,Conservative,Beckenham,,Conservative
Iain Stewart,Conservative,Milton Keynes South,Parliamentary Under-Secretary (Scotland Office),Conservative
Gary Streeter,Conservative,South West Devon,,Conservative
Mel Stride,Conservative,Central Devon,,Conservative
Graham Stuart,Conservative,Beverley and Holderness,,Conservative
Julian Sturdy,Conservative,York Outer,,Conservative
Rishi Sunak,Conservative,Richmond (Yorks),Chancellor of the Exchequer,Conservative
James Sunderland,Conservative,Bracknell,,Conservative
Desmond Swayne,Conservative,New Forest West,,Conservative
Robert Syms,Conservative,Poole,,Conservative
Derek Thomas,Conservative,St Ives,,Conservative
Maggie Throup,Conservative,Erewash,Parliamentary Under-Secretary (Department of Health and Social Care),Conservative
Edward Timpson,Conservative,Eddisbury,,Conservative
Kelly Tolhurst,Conservative,Rochester and Strood,,Conservative
Justin Tomlinson,Conservative,North Swindon,,Conservative
Michael Tomlinson,Conservative,Mid Dorset and North Poole,Lord Commissioner (HM Treasury) (Whip),Conservative
Craig Tracey,Conservative,North Warwickshire,,Conservative
Anne-Marie Trevelyan,Conservative,"Berwick, upon, Tweed",Secretary of State for International Trade and President of the Board of Trade,Conservative
Laura Trott,Conservative,Sevenoaks,,Conservative
Elizabeth Truss,Conservative,South West Norfolk,Minister for Women and Equalities,Conservative
Tom Tugendhat,Conservative,Tonbridge and Malling,,Conservative
Shailesh Vara,Conservative,North West Cambridgeshire,,Conservative
Martin Vickers,Conservative,Cleethorpes,,Conservative
Matt Vickers,Conservative,Stockton South,,Conservative
Theresa Villiers,Conservative,Chipping Barnet,,Conservative
Christian Wakeford,Conservative,Bury South,,Conservative
Charles Walker,Conservative,Broxbourne,,Conservative
Robin Walker,Conservative,Worcester,Minister of State (Education),Conservative
Ben Wallace,Conservative,Wyre and Preston North,Secretary of State for Defence,Conservative
Jamie Wallis,Conservative,Bridgend,,Conservative
David Warburton,Conservative,Somerton and Frome,,Conservative
Matt Warman,Conservative,Boston and Skegness,,Conservative
Giles Watling,Conservative,Clacton,,Conservative
Suzanne Webb,Conservative,Stourbridge,,Conservative
Helen Whately,Conservative,Faversham and Mid Kent,Exchequer Secretary (HM Treasury),Conservative
Heather Wheeler,Conservative,South Derbyshire,Assistant Whip,Conservative
Craig Whittaker,Conservative,Calder Valley,Lord Commissioner (HM Treasury) (Whip),Conservative
John Whittingdale,Conservative,Maldon,,Conservative
Bill Wiggin,Conservative,North Herefordshire,,Conservative
James Wild,Conservative,North West Norfolk,,Conservative
Craig Williams,Conservative,Montgomeryshire,,Conservative
Gavin Williamson,Conservative,South Staffordshire,,Conservative
Mike Wood,Conservative,Dudley South,,Conservative
William Wragg,Conservative,Hazel Grove,,Conservative
Jeremy Wright,Conservative,Kenilworth and Southam,,Conservative
Jacob Young,Conservative,Redcar,,Conservative
Nadhim Zahawi,Conservative,"Stratford, on, Avon",Secretary of State for Education,Conservative
Diane Abbott,Labour,Hackney North and Stoke Newington,,Labour
Debbie Abrahams,Labour,Oldham East and Saddleworth,,Labour
Rushanara Ali,Labour,Bethnal Green and Bow,,Labour
Tahir Ali,Labour,"Birmingham, Hall Green",,Labour
Rosena Allin-Khan,Labour,Tooting,Shadow Minister (Mental Health),Labour
Mike Amesbury,Labour,Weaver Vale,"Shadow Minister (Housing, Communities and Local Government)",Labour
Fleur Anderson,Labour,Putney,Shadow Minister (Cabinet Office),Labour
Tonia Antoniazzi,Labour,Gower,,Labour
Jonathan Ashworth,Labour,Leicester South,Shadow Secretary of State for Health and Social Care,Labour
Rebecca Long Bailey,Labour,Salford and Eccles,,Labour
Paula Barker,Labour,"Liverpool, Wavertree",,Labour
Margaret Beckett,Labour,Derby South,,Labour
Apsana Begum,Labour,Poplar and Limehouse,,Labour
Hilary Benn,Labour,Leeds Central,,Labour
Clive Betts,Labour,Sheffield South East,,Labour
Olivia Blake,Labour,"Sheffield, Hallam","Shadow Minister (Environment, Food and Rural Affairs)",Labour
Paul Blomfield,Labour,Sheffield Central,,Labour
Ben Bradshaw,Labour,Exeter,,Labour
Kevin Brennan,Labour,Cardiff West,,Labour
Lyn Brown,Labour,West Ham,Shadow Minister (Justice),Labour
Nicholas Brown,Labour,Newcastle upon Tyne East,,Labour
Chris Bryant,Labour,Rhondda,,Labour
Karen Buck,Labour,Westminster North,Shadow Minister (Work and Pensions),Labour
Richard Burgon,Labour,Leeds East,,Labour
Dawn Butler,Labour,Brent Central,,Labour
Ian Byrne,Labour,"Liverpool, West Derby",,Labour
Liam Byrne,Labour,"Birmingham, Hodge Hill",,Labour
Ruth Cadbury,Labour,Brentford and Isleworth,"Shadow Minister (Housing, Communities and Local Government) (Planning)",Labour
Alan Campbell,Labour,Tynemouth,Shadow Chief Whip (Commons),Labour
Dan Carden,Labour,"Liverpool, Walton",,Labour
Sarah Champion,Labour,Rotherham,,Labour
Bambos Charalambous,Labour,"Enfield, Southgate",Shadow Minister (Home Office),Labour
Feryal Clark,Labour,Enfield North,Opposition Whip (Commons),Labour
Rosie Cooper,Labour,West Lancashire,,Labour
Yvette Cooper,Labour,"Normanton, Pontefract and Castleford",,Labour
Marsha De Cordova,Labour,Battersea,,Labour
Neil Coyle,Labour,Bermondsey and Old Southwark,,Labour
Stella Creasy,Labour,Walthamstow,,Labour
Jon Cruddas,Labour,Dagenham and Rainham,,Labour
John Cryer,Labour,Leyton and Wanstead,,Labour
Judith Cummins,Labour,Bradford South,,Labour
Alex Cunningham,Labour,Stockton North,Shadow Minister (Justice),Labour
Janet Daby,Labour,Lewisham East,,Labour
Wayne David,Labour,Caerphilly,Shadow Minister (Foreign and Commonwealth Affairs),Labour
Geraint Davies,Labour,Swansea West,,Labour
Alex Davies-Jones,Labour,Pontypridd,Shadow Minister (Northern Ireland),Labour
Thangam Debbonaire,Labour,Bristol West,Shadow Leader of the House of Commons,Labour
Tanmanjeet Singh Dhesi,Labour,Slough,Shadow Minister (Transport),Labour
Anneliese Dodds,Labour,Oxford East,Chair of Labour Policy Review,Labour
Stephen Doughty,Labour,Cardiff South and Penarth,Shadow Minister (Foreign and Commonwealth Affairs and International Development),Labour
Peter Dowd,Labour,Bootle,,Labour
Jack Dromey,Labour,"Birmingham, Erdington",Shadow Minister (Cabinet Office),Labour
Rosie Duffield,Labour,Canterbury,,Labour
Angela Eagle,Labour,Wallasey,,Labour
Maria Eagle,Labour,Garston and Halewood,,Labour
Clive Efford,Labour,Eltham,,Labour
Julie Elliott,Labour,Sunderland Central,,Labour
Chris Elmore,Labour,Ogmore,Opposition Whip (Commons),Labour
Florence Eshalomi,Labour,Vauxhall,,Labour
Bill Esterson,Labour,Sefton Central,Shadow Minister (International Trade),Labour
Chris Evans,Labour,Islwyn,Shadow Minister (Defence),Labour
Colleen Fletcher,Labour,Coventry North East,Opposition Whip (Commons),Labour
Yvonne Fovargue,Labour,Makerfield,,Labour
Vicky Foxcroft,Labour,"Lewisham, Deptford",Shadow Minister (Work and Pensions),Labour
Mary Kelly Foy,Labour,City of Durham,,Labour
Gill Furniss,Labour,"Sheffield, Brightside and Hillsborough",Opposition Whip (Commons),Labour
Barry Gardiner,Labour,Brent North,,Labour
Preet Kaur Gill,Labour,"Birmingham, Edgbaston",Shadow Secretary of State for International Development,Labour
Mary Glindon,Labour,North Tyneside,Opposition Whip (Commons),Labour
Kate Green,Labour,Stretford and Urmston,Shadow Secretary of State for Education,Labour
Lilian Greenwood,Labour,Nottingham South,Opposition Deputy Chief Whip (Commons),Labour
Margaret Greenwood,Labour,Wirral West,,Labour
Nia Griffith,Labour,Llanelli,Shadow Secretary of State for Wales,Labour
Andrew Gwynne,Labour,Denton and Reddish,,Labour
Louise Haigh,Labour,"Sheffield, Heeley",Shadow Secretary of State for Northern Ireland,Labour
Fabian Hamilton,Labour,Leeds North East,Shadow Minister (Foreign and Commonwealth Affairs),Labour
Emma Hardy,Labour,Kingston upon Hull West and Hessle,,Labour
Harriet Harman,Labour,Camberwell and Peckham,,Labour
Carolyn Harris,Labour,Swansea East,,Labour
Helen Hayes,Labour,Dulwich and West Norwood,,Labour
John Healey,Labour,Wentworth and Dearne,Shadow Secretary of State for Defence,Labour
Mark Hendrick,Labour,Preston,,Labour
Meg Hillier,Labour,Hackney South and Shoreditch,,Labour
Margaret Hodge,Labour,Barking,,Labour
Sharon Hodgson,Labour,Washington and Sunderland West,,Labour
Kate Hollern,Labour,Blackburn,,Labour
Rachel Hopkins,Labour,Luton South,,Labour
George Howarth,Labour,Knowsley,,Labour
Rupa Huq,Labour,Ealing Central and Acton,,Labour
Imran Hussain,Labour,Bradford East,Shadow Minister (Employment Rights and Protections),Labour
Dan Jarvis,Labour,Barnsley Central,,Labour
Diana Johnson,Labour,Kingston upon Hull North,,Labour
Kim Johnson,Labour,"Liverpool, Riverside",,Labour
Darren Jones,Labour,Bristol North West,,Labour
Gerald Jones,Labour,Merthyr Tydfil and Rhymney,Shadow Minister (Wales),Labour
Kevan Jones,Labour,North Durham,,Labour
Ruth Jones,Labour,Newport West,"Shadow Minister (Environment, Food and Rural Affairs)",Labour
Sarah Jones,Labour,Croydon Central,Shadow Minister (Home Office),Labour
Mike Kane,Labour,Wythenshawe and Sale East,Shadow Minister (Transport),Labour
Barbara Keeley,Labour,Worsley and Eccles South,,Labour
Liz Kendall,Labour,Leicester West,Shadow Minister (Health and Social Care),Labour
Afzal Khan,Labour,"Manchester, Gorton",Shadow Deputy Leader of the House of Commons,Labour
Stephen Kinnock,Labour,Aberavon,Shadow Minister (Foreign and Commonwealth Affairs),Labour
Peter Kyle,Labour,Hove,Shadow Minister (Education) (Schools),Labour
David Lammy,Labour,Tottenham,Shadow Lord Chancellor and Shadow Secretary of State for Justice,Labour
Ian Lavery,Labour,Wansbeck,,Labour
Kim Leadbeater,Labour,Batley and Spen,,Labour
Emma Lewell-Buck,Labour,South Shields,,Labour
Clive Lewis,Labour,Norwich South,,Labour
Tony Lloyd,Labour,Rochdale,,Labour
Holly Lynch,Labour,Halifax,Shadow Minister (Home Office),Labour
Justin Madders,Labour,Ellesmere Port and Neston,Shadow Minister (Health and Social Care),Labour
Khalid Mahmood,Labour,"Birmingham, Perry Barr",,Labour
Shabana Mahmood,Labour,"Birmingham, Ladywood",National campaign co-ordinator,Labour
Seema Malhotra,Labour,Feltham and Heston,"Shadow Minister (Business, Energy and Industrial Strategy)",Labour
Rachael Maskell,Labour,York Central,"Shadow Minister (Digital, Culture, Media and Sport)",Labour
Christian Matheson,Labour,City of Chester,"Shadow Minister (Digital, Culture, Media and Sport)",Labour
Steve McCabe,Labour,"Birmingham, Selly Oak",,Labour
Kerry McCarthy,Labour,Bristol East,Shadow Minister (Transport),Labour
Siobhain McDonagh,Labour,Mitcham and Morden,,Labour
Andy McDonald,Labour,Middlesbrough,,Labour
John McDonnell,Labour,Hayes and Harlington,,Labour
Pat McFadden,Labour,Wolverhampton South East,Shadow Economic Secretary (Treasury),Labour
Conor McGinn,Labour,St Helens North,Shadow Minister (Home Office),Labour
Alison McGovern,Labour,Wirral South,"Shadow Minister (Digital, Culture, Media and Sport)",Labour
Catherine McKinnell,Labour,Newcastle upon Tyne North,,Labour
Jim McMahon,Labour,Oldham West and Royton,Shadow Secretary of State for Transport,Labour
Anna McMorrin,Labour,Cardiff North,Shadow Minister (Justice),Labour
Ian Mearns,Labour,Gateshead,,Labour
Edward Miliband,Labour,Doncaster North,"Shadow Secretary of State for Business, Energy and Industrial Strategy",Labour
Navendu Mishra,Labour,Stockport,,Labour
Jessica Morden,Labour,Newport East,Shadow Vice Chamberlain of HM Household (Whip),Labour
Stephen Morgan,Labour,Portsmouth South,Shadow Minister (Defence),Labour
Grahame Morris,Labour,Easington,,Labour
Ian Murray,Labour,Edinburgh South,Shadow Secretary of State for Scotland,Labour
James Murray,Labour,Ealing North,Shadow Financial Secretary (Treasury),Labour
Lisa Nandy,Labour,Wigan,Shadow Foreign Secretary,Labour
Charlotte Nichols,Labour,Warrington North,Shadow Minister (Equalities Office),Labour
Alex Norris,Labour,Nottingham North,Shadow Minister (Health and Social Care),Labour
Chi Onwurah,Labour,Newcastle upon Tyne Central,"Shadow Minister (Business, Energy and Industrial Strategy)",Labour
Abena Oppong-Asare,Labour,Erith and Thamesmead,Shadow Exchequer Secretary (Treasury),Labour
Kate Osamor,Labour,Edmonton,,Labour
Kate Osborne,Labour,Jarrow,,Labour
Taiwo Owatemi,Labour,Coventry North West,,Labour
Sarah Owen,Labour,Luton North,Opposition Whip (Commons),Labour
Stephanie Peacock,Labour,Barnsley East,Shadow Minister (Defence),Labour
Matthew Pennycook,Labour,Greenwich and Woolwich,"Shadow Minister (Business, Energy and Industrial Strategy)",Labour
Toby Perkins,Labour,Chesterfield,Shadow Minister (Education),Labour
Jess Phillips,Labour,"Birmingham, Yardley",Shadow Minister (Home Office),Labour
Bridget Phillipson,Labour,Houghton and Sunderland South,Shadow Chief Secretary to the Treasury,Labour
Luke Pollard,Labour,"Plymouth, Sutton and Devonport","Shadow Secretary of State for Environment, Food and Rural Affairs",Labour
Lucy Powell,Labour,Manchester Central,Shadow Secretary of State for Housing,Labour
Yasmin Qureshi,Labour,Bolton South East,Shadow Minister (International Development),Labour
Angela Rayner,Labour,"Ashton, under, Lyne",Deputy Leader of the Official Opposition,Labour
Steve Reed,Labour,Croydon North,Shadow Secretary of State for Communities and Local Government,Labour
Christina Rees,Labour,Neath,,Labour
Ellie Reeves,Labour,Lewisham West and Penge,Shadow Solicitor General,Labour
Rachel Reeves,Labour,Leeds West,Shadow Chancellor of the Exchequer,Labour
Jonathan Reynolds,Labour,Stalybridge and Hyde,Shadow Secretary of State for Work and Pensions,Labour
Bell Ribeiro-Addy,Labour,Streatham,,Labour
Marie Rimmer,Labour,St Helens South and Whiston,Opposition Whip (Commons),Labour
Matt Rodda,Labour,Reading East,Shadow Minister (Work and Pensions) (Pensions),Labour
Lloyd Russell-Moyle,Labour,"Brighton, Kemptown",,Labour
Naz Shah,Labour,Bradford West,"Shadow Minister (Housing, Communities and Local Government)",Labour
Virendra Sharma,Labour,"Ealing, Southall",,Labour
Barry Sheerman,Labour,Huddersfield,,Labour
Tulip Siddiq,Labour,Hampstead and Kilburn,Shadow Minister (Education),Labour
Andy Slaughter,Labour,Hammersmith,,Labour
Cat Smith,Labour,Lancaster and Fleetwood,Shadow Minister (Cabinet Office) (Young People and Voter Engagement),Labour
Jeff Smith,Labour,"Manchester, Withington","Shadow Minister (Housing, Communities and Local Government)",Labour
Nick Smith,Labour,Blaenau Gwent,,Labour
Karin Smyth,Labour,Bristol South,,Labour
Alex Sobel,Labour,Leeds North West,"Shadow Minister (Digital, Culture, Media and Sport)",Labour
John Spellar,Labour,Warley,,Labour
Keir Starmer,Labour,Holborn and St Pancras,Leader of Her Majesty's Official Opposition,Labour
Jo Stevens,Labour,Cardiff Central,"Shadow Secretary of State for Digital, Culture, Media and Sport",Labour
Wes Streeting,Labour,Ilford North,Shadow Secretary of State for Child Poverty,Labour
Graham Stringer,Labour,Blackley and Broughton,,Labour
Zarah Sultana,Labour,Coventry South,,Labour
Mark Tami,Labour,Alyn and Deeside,Opposition Pairing Whip (Commons),Labour
Sam Tarry,Labour,Ilford South,Shadow Minister (Transport),Labour
Gareth Thomas,Labour,Harrow West,Shadow Minister (International Trade),Labour
Nick Thomas-Symonds,Labour,Torfaen,Shadow Home Secretary,Labour
Emily Thornberry,Labour,Islington South and Finsbury,Shadow Secretary of State for International Trade,Labour
Stephen Timms,Labour,East Ham,,Labour
Jon Trickett,Labour,Hemsworth,,Labour
Karl Turner,Labour,Kingston upon Hull East,Shadow Minister (Justice),Labour
Derek Twigg,Labour,Halton,,Labour
Liz Twist,Labour,Blaydon,Opposition Whip (Commons),Labour
Valerie Vaz,Labour,Walsall South,,Labour
Catherine West,Labour,Hornsey and Wood Green,Shadow Minister (Foreign and Commonwealth Affairs),Labour
Matt Western,Labour,Warwick and Leamington,Shadow Minister (Education),Labour
Alan Whitehead,Labour,"Southampton, Test","Shadow Minister (Business, Energy and Industrial Strategy)",Labour
Mick Whitley,Labour,Birkenhead,,Labour
Nadia Whittome,Labour,Nottingham East,,Labour
Beth Winter,Labour,Cynon Valley,,Labour
Rosie Winterton,Labour,Doncaster Central,,Labour
Mohammad Yasin,Labour,Bedford,,Labour
Daniel Zeichner,Labour,Cambridge,"Shadow Minister (Environment, Food and Rural Affairs)",Labour
Hannah Bardell,Scottish National Party,Livingston,Shadow SNP Spokesperson (Foreign Affairs Team Member),Scottish National Party
Mhairi Black,Scottish National Party,Paisley and Renfrewshire South,Shadow SNP Spokesperson (Scotland),Scottish National Party
Ian Blackford,Scottish National Party,"Ross, Skye and Lochaber",SNP Westminster Leader,Scottish National Party
Kirsty Blackman,Scottish National Party,Aberdeen North,Shadow SNP Spokesperson (Economy),Scottish National Party
Steven Bonnar,Scottish National Party,"Coatbridge, Chryston and Bellshill",Shadow SNP Spokesperson (DEFRA Team Member),Scottish National Party
Deidre Brock,Scottish National Party,Edinburgh North and Leith,"Shadow SNP Spokesperson (Environment, Food and Rural Affairs)",Scottish National Party
Alan Brown,Scottish National Party,Kilmarnock and Loudoun,Shadow SNP Spokesperson (Energy and Climate Change),Scottish National Party
Amy Callaghan,Scottish National Party,East Dunbartonshire,Shadow SNP Spokesperson (Pensions and Inter-Generational),Scottish National Party
Lisa Cameron,Scottish National Party,"East Kilbride, Strathaven and Lesmahagow",Shadow SNP Spokesperson (Mental Health),Scottish National Party
Douglas Chapman,Scottish National Party,Dunfermline and West Fife,"Shadow SNP Spokesperson (Small Business, Enterprise and Innovation)",Scottish National Party
Joanna Cherry,Scottish National Party,Edinburgh South West,,Scottish National Party
Ronnie Cowan,Scottish National Party,Inverclyde,Shadow SNP Spokesperson (Infrastructure),Scottish National Party
Angela Crawley,Scottish National Party,Lanark and Hamilton East,Shadow SNP Spokesperson (Defence Procurement),Scottish National Party
Martyn Day,Scottish National Party,Linlithgow and East Falkirk,Shadow SNP Spokesperson (Public Health and Primary Care),Scottish National Party
Martin Docherty-Hughes,Scottish National Party,West Dunbartonshire,Shadow SNP Spokesperson (Industries of the Future and Blockchain Technologies),Scottish National Party
Dave Doogan,Scottish National Party,Angus,Shadow SNP Spokesperson (Agriculture and Rural Affairs),Scottish National Party
Allan Dorans,Scottish National Party,"Ayr, Carrick and Cumnock",Shadow SNP Spokesperson (Foreign Affairs Team Member),Scottish National Party
Marion Fellows,Scottish National Party,Motherwell and Wishaw,SNP Whip,Scottish National Party
Stephen Flynn,Scottish National Party,Aberdeen South,"Shadow SNP Spokesperson (Business, Energy and Industrial Strategy)",Scottish National Party
Patricia Gibson,Scottish National Party,North Ayrshire and Arran,"Shadow SNP Spokesperson (Housing, Communities and Local Government)",Scottish National Party
Patrick Grady,Scottish National Party,Glasgow North,,Scottish National Party
Peter Grant,Scottish National Party,Glenrothes,Shadow SNP Deputy Spokesperson (Treasury - Chief Secretary),Scottish National Party
Drew Hendry,Scottish National Party,"Inverness, Nairn, Badenoch and Strathspey",Shadow SNP Spokesperson (Trade),Scottish National Party
Stewart Hosie,Scottish National Party,Dundee East,Shadow SNP Spokesperson (Constitution),Scottish National Party
Chris Law,Scottish National Party,Dundee West,Shadow SNP Spokesperson (International Development),Scottish National Party
David Linden,Scottish National Party,Glasgow East,Shadow SNP Spokesperson (Work and Pensions),Scottish National Party
Angus Brendan MacNeil,Scottish National Party,"Na h, Eileanan an Iar",Shadow SNP Spokesperson (Trade Team Member),Scottish National Party
Stewart Malcolm McDonald,Scottish National Party,Glasgow South,Shadow SNP Spokesperson (Defence),Scottish National Party
Stuart C McDonald,Scottish National Party,"Cumbernauld, Kilsyth and Kirkintilloch East",Shadow SNP Spokesperson (Home Affairs),Scottish National Party
Anne McLaughlin,Scottish National Party,Glasgow North East,"Shadow SNP Spokesperson (Immigration, Asylum and Border Control)",Scottish National Party
John McNally,Scottish National Party,Falkirk,Shadow SNP Spokesperson (Environment),Scottish National Party
Carol Monaghan,Scottish National Party,Glasgow North West,Shadow SNP Spokesperson (Armed Forces and Veterans),Scottish National Party
Gavin Newlands,Scottish National Party,Paisley and Renfrewshire North,Shadow SNP Spokesperson (Transport),Scottish National Party
John Nicolson,Scottish National Party,Ochil and South Perthshire,"Shadow SNP Spokesperson (Digital, Culture, Media and Sport)",Scottish National Party
Brendan O'Hara,Scottish National Party,Argyll and Bute,Shadow SNP Spokesperson (Inclusive Society),Scottish National Party
Kirsten Oswald,Scottish National Party,East Renfrewshire,SNP Deputy Westminster Leader,Scottish National Party
Anum Qaisar-Javed,Scottish National Party,Airdrie and Shotts,,Scottish National Party
Tommy Sheppard,Scottish National Party,Edinburgh East,Shadow SNP Spokesperson (Constitutional Affairs),Scottish National Party
Alyn Smith,Scottish National Party,Stirling,Shadow SNP Spokesperson (Foreign and Commonwealth Office),Scottish National Party
Chris Stephens,Scottish National Party,Glasgow South West,Shadow SNP Spokesperson (Fair Work and Employment),Scottish National Party
Alison Thewliss,Scottish National Party,Glasgow Central,Shadow SNP Spokesperson (Treasury),Scottish National Party
Owen Thompson,Scottish National Party,Midlothian,SNP Chief Whip,Scottish National Party
Richard Thomson,Scottish National Party,Gordon,Shadow SNP Spokesperson (Northern Ireland),Scottish National Party
Philippa Whitford,Scottish National Party,Central Ayrshire,Shadow SNP Spokesperson (Health and Social Care),Scottish National Party
Pete Wishart,Scottish National Party,Perth and North Perthshire,Shadow SNP Leader of the House of Commons,Scottish National Party
Alistair Carmichael,Liberal Democrat,Orkney and Shetland,Liberal Democrat Spokesperson (Home Affairs),Liberal Democrat
Wendy Chamberlain,Liberal Democrat,North East Fife,Liberal Democrat Spokesperson (Wales),Liberal Democrat
Daisy Cooper,Liberal Democrat,St Albans,Liberal Democrat Spokesperson (Education),Liberal Democrat
Ed Davey,Liberal Democrat,Kingston and Surbiton,,Liberal Democrat
Tim Farron,Liberal Democrat,Westmorland and Lonsdale,"Liberal Democrat Spokesperson (Housing, Communities and Local Government)",Liberal Democrat
Sarah Green,Liberal Democrat,Chesham and Amersham,,Liberal Democrat
Wera Hobhouse,Liberal Democrat,Bath,Liberal Democrat Shadow Leader of the House of Commons,Liberal Democrat
Christine Jardine,Liberal Democrat,Edinburgh West,Liberal Democrat Spokesperson (International Trade),Liberal Democrat
Layla Moran,Liberal Democrat,Oxford West and Abingdon,Liberal Democrat Spokesperson (International Development),Liberal Democrat
Sarah Olney,Liberal Democrat,Richmond Park,"Liberal Democrat Spokesperson (Business, Energy and Industrial Strategy)",Liberal Democrat
Jamie Stone,Liberal Democrat,"Caithness, Sutherland and Easter Ross",Liberal Democrat Spokesperson (Defence),Liberal Democrat
Munira Wilson,Liberal Democrat,Twickenham,Liberal Democrat Spokesperson (Health and Social Care),Liberal Democrat
Gregory Campbell,Democratic Unionist Party,East Londonderry,Shadow DUP Spokesperson (International Development),
Jeffrey M Donaldson,Democratic Unionist Party,Lagan Valley,DUP Chief Whip,
Paul Girvan,Democratic Unionist Party,South Antrim,Shadow DUP Spokesperson (Transport),
Carla Lockhart,Democratic Unionist Party,Upper Bann,,
Ian Paisley,Democratic Unionist Party,North Antrim,Shadow DUP Spokesperson (Communities and Local Government),
Gavin Robinson,Democratic Unionist Party,Belfast East,Shadow DUP Spokesperson (Defence),
Jim Shannon,Democratic Unionist Party,Strangford,Shadow DUP Spokesperson (Human Rights),
Sammy Wilson,Democratic Unionist Party,East Antrim,Shadow DUP Spokesperson (Brexit),
Órfhlaith Begley,Sinn Féin,West Tyrone,,
Mickey Brady,Sinn Féin,Newry and Armagh,,
John Finucane,Sinn Féin,Belfast North,,
Michelle Gildernew,Sinn Féin,Fermanagh and South Tyrone,,
Chris Hazzard,Sinn Féin,South Down,,
Paul Maskey,Sinn Féin,Belfast West,,
Francie Molloy,Sinn Féin,Mid Ulster,,
Jeremy Corbyn,Independent,Islington North,,
Jonathan Edwards,Independent,Carmarthen East and Dinefwr,,
Margaret Ferrier,Independent,Rutherglen and Hamilton West,,
Imran Ahmad Khan,Independent,Wakefield,,
Rob Roberts,Independent,Delyn,,
Claudia Webbe,Independent,Leicester East,,
Ben Lake,Plaid Cymru,Ceredigion,Shadow PC Spokesperson (Treasury),
Liz Saville Roberts,Plaid Cymru,Dwyfor Meirionnydd,Plaid Cymru Westminster Leader,
Hywel Williams,Plaid Cymru,Arfon,Shadow PC Spokesperson (Cabinet Office),
Neale Hanvey,Alba Party,Kirkcaldy and Cowdenbeath,,
Kenny MacAskill,Alba Party,East Lothian,,
Colum Eastwood,Social Democratic & Labour Party,Foyle,,
Claire Hanna,Social Democratic & Labour Party,Belfast South,,
Caroline Lucas,Green Party,"Brighton, Pavilion",,
Stephen Farry,Alliance,North Down,,
Lindsay Hoyle,Speaker,Chorley,,
